time_s,V_sim,T_seven_C,T_MEA_C,ice_volume_max,ice_saturation_max,liquid_saturation_max,lambda_aCL,lambda_PEM,lambda_cCL,lambda_oversat_CL,CL_frozen_ion_water,gas_porosity_min,V_Erev,V_act,V_ohm,V_con,R_aCL,R_PEM,R_cCL,jlim_H,jlim_O,reaction_weight_max,nucleation_progress,V_exp,T_exp_C,water_residual,energy_residual
0,0.648309136333282,-25,-25,0,0,0,3,3,3,-3.53552075282775,0,0.3916,1.26315895683089,0.609044746357409,0.00580411544821231,9.58691983426152e-07,1.43373368851014e-05,2.49444513313016e-05,4.76505608240135e-05,3382613.69449797,368107.265024733,1,1,0.799,-24.9954164846888,0,0
0.2,0.645967380935707,-24.9978420811755,-24.9928791825137,0,0,0,2.98495363666165,2.99980512499782,3.0144644135708,-3.52079075472642,0,0.3916,1.26315043751808,0.611101180073876,0.00608086971141336,1.00679708489417e-06,1.4403083039862e-05,2.4941558520811e-05,4.73936214182912e-05,3382680.96375528,368060.879960922,1.00000126569413,1,0.799,-24.9954164846888,3.06802281812653e-18,-3.22061341137547e-10
0.4,0.64835746848901,-24.9960281667631,-24.9912826834436,0,0,0,2.97613848198397,2.99951146863357,3.02771030575525,-3.50480907635255,0,0.3916,1.26314911657445,0.609009752231216,0.0057809370097773,9.58844448766384e-07,1.44436610815716e-05,2.49439230962318e-05,4.71936115203228e-05,3382697.7917279,368065.253415011,1.00000131013796,1,0.799,-24.9939652961073,2.69607443824716e-18,-1.3889984648574e-10
0.6,0.648370748270712,-24.9942510813173,-24.9895153861895,0,0,0,2.97051142479112,2.99923378765683,3.03972536410925,-3.48938416593448,0,0.3916,1.26314756167467,0.609004222664045,0.00577163189376444,9.58846151006609e-07,1.44714308726913e-05,2.49460093175496e-05,4.70227830002903e-05,3382715.73686355,368067.209753794,1.00000128310356,1,0.799,-24.9925613010652,2.55822809788765e-18,-2.0569176223395e-10
0.8,0.646009858314188,-24.9924139211597,-24.9874387010825,0,0,0,2.96605218497865,2.9990227138604,3.05139182915321,-3.47396247484674,0,0.3916,1.26314562129616,0.611084098357686,0.00605065782172059,1.00680256290445e-06,1.44939761577172e-05,2.49471847049761e-05,4.68611877078466e-05,3382736.76087829,368066.960849637,1.00000131748106,1,0.799,-24.9911229816268,2.87450225945852e-18,-2.5412326409846e-10
1,0.648396621666068,-24.9906135092337,-24.9858642960714,0,0,0,2.96284218864054,2.99890222929822,3.06236242729599,-3.45894766522671,0,0.3916,1.26314432680134,0.6089927187397,0.0057540275458626,9.58849705954425e-07,1.45105812587655e-05,2.49477877270337e-05,4.67151483340192e-05,3382753.21686012,368071.274576193,1.00000132544311,1,0.8,-24.9896887304606,2.64020169659165e-18,-3.06770220337427e-10
1.2,0.648408445371333,-24.9888503649924,-24.9841123725602,0,0,0,2.96070215534522,2.99889343662404,3.0723828265777,-3.44495838344129,0,0.3916,1.2631427865345,0.608987241210501,0.00574614110126396,9.58851400895942e-07,1.45219883308609e-05,2.49470680945023e-05,4.65849812587857e-05,3382770.98043786,368073.209135364,1.00000129417089,1,0.799,-24.9882968823982,3.42131827519283e-18,-6.18942161412228e-10
1.4,0.646047498192618,-24.9870273620583,-24.9820516485657,0,0,0,2.95861883261461,2.99899261478953,3.08223859556943,-3.43126291091928,0,0.3916,1.26314086074907,0.611067214103686,0.00602514164481069,1.00680795173851e-06,1.45326112837181e-05,2.49449838372894e-05,4.64565914684039e-05,3382791.86700976,368072.98082889,1.00000133676404,1,0.8,-24.9868705327381,-1.46218400775284e-18,-6.77685116357019e-10
1.6,0.653509173352882,-24.9853680031234,-24.9810917183088,0,0,0,2.95792374406858,2.99920442000652,3.09081049234544,-3.41881027345586,0,0.3916,1.26314031815783,0.604472039993352,0.00515824186320567,8.62948394523898e-07,1.45365622029672e-05,2.49425092249888e-05,4.63513332693395e-05,3382802.44369795,368081.671364046,1.00000128583251,1,0.8,-24.985524800531,-4.39004603416593e-18,-6.26324409003232e-10
1.8,0.643794876749191,-24.9835546526425,-24.9783619624958,0,0,0,2.95665364301763,2.99952814496902,3.09939292256664,-3.40692751906045,0,0.3916,1.26313751131857,0.613045089138579,0.00629649066306279,1.05476773883555e-06,1.45427264733606e-05,2.49375318728416e-05,4.62395903314353e-05,3382829.06597618,368074.477289943,1.0000013030585,1,0.8,-24.9841445358099,1.41268022594174e-17,-7.99042138011075e-10
2,0.648453937398765,-24.9817439808237,-24.9769812004148,0,0,0,2.95531998387216,2.9999318757912,3.10817880992057,-3.3945962829355,0,0.3916,1.26313646906176,0.608964774881581,0.00571679792312634,9.58858292351392e-07,1.45486885071348e-05,2.49327446505816e-05,4.61280553776476e-05,3382844.18728928,368081.166937247,1.00000139896977,1,0.8,-24.9826913133056,3.92713392581308e-17,-7.58018647850633e-10
2.2,0.646093212997582,-24.9799411901293,-24.9749639259205,0,0,0,2.95466506418495,3.00043320560643,3.11618088586248,-3.38337411838094,0,0.3916,1.26313459779244,0.611045001246944,0.00599537673273095,1.00681517869166e-06,1.45515306140863e-05,2.49264440495735e-05,4.60267467657439e-05,3382864.31828665,368080.850355216,1.00000136404802,1,0.8,-24.9812806025465,5.22601924575815e-17,-5.528300872637e-10
2.4,0.648475516994471,-24.9781733420408,-24.9734214783181,0,0,0,2.95432604702808,3.00102356949391,3.12377292062451,-3.37262720066059,0,0.3916,1.2631333314937,0.608953616996303,0.005703238641192,9.58861737533519e-07,1.45526239037463e-05,2.49195562467889e-05,4.59318852635236e-05,3382880.43290837,368085.110476891,1.00000137557963,1,0.8,-24.9798738175426,4.90624511757944e-17,-5.54675000374871e-10
2.6,0.648485652152363,-24.9764428811671,-24.971703517014,0,0,0,2.95446288932981,3.00170742563319,3.13065681347155,-3.3628631628058,0,0.3916,1.26313182168231,0.608948247773403,0.00569696289321239,9.58863334033427e-07,1.45513471287473e-05,2.49115381293916e-05,4.58461025740289e-05,3382897.86421793,368087.03165912,1.0000013475973,1,0.8,-24.9785092749632,5.3423215016276e-17,-6.87428253209887e-10
2.8,0.648495731777703,-24.9747156427019,-24.9699718207171,0,0,0,2.95463879980607,3.00247538181408,3.13723209364574,-3.35361832950141,0,0.3916,1.26313029029042,0.608942801805474,0.00569079784203333,9.58865211797107e-07,1.45495903741338e-05,2.49026224707275e-05,4.57633744619436e-05,3382915.52715297,368088.881092341,1.0000013460306,1,0.8,-24.9771485174843,2.88936305547141e-17,-7.76426312132372e-10
3,0.643862873173107,-24.9728662255806,-24.9676506406338,0,0,0,2.95411955223289,3.00331088265603,3.14424407635551,-3.34415917344073,0,0.3916,1.26312803089717,0.61301155090666,0.00625255203842254,1.05477897935697e-06,1.4550731919874e-05,2.48925839127921e-05,4.56713781510625e-05,3382938.90052109,368086.46618244,1.0000014204078,1,0.8,-24.9757148215872,7.57221911508029e-17,-7.94384558133743e-10
3.2,0.646147333244446,-24.9710211107788,-24.9660178910223,0,0,0,2.95376625876342,3.00420272636721,3.15124075325112,-3.3346142712769,0,0.3916,1.26312667648921,0.611016906724778,0.00596142969566877,1.0068243140604e-06,1.45509831079298e-05,2.48824932477467e-05,4.55814378246872e-05,3382956.06227738,368090.80535934,1.00000146458547,1,0.8,-24.9742466427357,1.09146098014568e-16,-8.39623121029476e-10
3.4,0.648527216000255,-24.9692782971244,-24.9645248495588,0,0,0,2.95444547980002,3.00516956764379,3.15719337244973,-3.3262874625955,0,0.3916,1.26312547005043,0.608925659967,0.00567163521283992,9.5887033200727e-07,1.45465673325775e-05,2.4871699795253e-05,4.55070063466943e-05,3382971.39023165,368095.005705862,1.00000140386095,1,0.8,-24.9728594600344,1.01889937332355e-16,-7.50643880387258e-10
3.6,0.646167606422468,-24.9675074917618,-24.9625284890813,0,0,0,2.95500523321793,3.00620810486894,3.16292784758445,-3.31847190600254,0,0.3916,1.26312360963051,0.611006029483099,0.00594896689714424,1.00682779648933e-06,1.45424693199394e-05,2.48597764034077e-05,4.54328480783056e-05,3382991.44659206,368094.679463256,1.00000140205412,1,0.8,-24.9714761302039,1.06390236616007e-16,-5.63818047805142e-10
3.8,0.646178072444681,-24.9657085458147,-24.9607173196943,0,0,0,2.95532280560271,3.00730223169417,3.16877250290449,-3.31060730393734,0,0.3916,1.26312200097334,0.611000324051406,0.00594259764763295,1.00682961937214e-06,1.45392135450171e-05,2.48474290025342e-05,4.53565520825813e-05,3383010.12102776,368096.712905342,1.00000144514226,1,0.8,-24.9700582752618,1.00108746158287e-16,-8.21244128257348e-10
4,0.648556855531703,-24.963978864763,-24.959225527889,0,0,0,2.95622168200115,3.00845580199755,3.17399800606344,-3.30345924471907,0,0.3916,1.26312078750683,0.608909007807335,0.00565396529240939,9.58875380751611e-07,1.45332509004516e-05,2.48346952987463e-05,4.52896279808043e-05,3383025.58829623,368100.92658724,1.00000142095508,1,0.8,-24.9686827526186,1.09896450091827e-16,-7.38298644442636e-10
4.2,0.65104137014924,-24.9623490385666,-24.9578443244328,0,0,0,2.95780646420223,3.00967662651114,3.17831158112515,-3.29745440945307,0,0.3916,1.26311967941568,0.606710971596969,0.00536642674741325,9.10922056446054e-07,1.45240740632449e-05,2.48213184760697e-05,4.52349919062756e-05,3383039.77866202,368104.996992126,1.00000135828458,1,0.8,-24.9673874768015,9.36170194760811e-17,-6.11385386761754e-10
4.4,0.648574472093487,-24.9606909375311,-24.9559606115708,0,0,0,2.95907455304611,3.01095524357254,3.18251593064545,-3.29186799785234,0,0.3916,1.26311791853909,0.60889880512417,0.00564368244291002,9.58878527017641e-07,1.45160950446894e-05,2.4806966902581e-05,4.51787270628163e-05,3383058.67142411,368104.533929392,1.00000135451759,1,0.8,-24.9660957798237,7.74395769211406e-17,-6.91559642884698e-10
4.6,0.648583674525766,-24.9590045859696,-24.9542621554943,0,0,0,2.95997519082883,3.01227260783336,3.18692766013833,-3.28612961994991,0,0.3916,1.26311640965477,0.608893439198134,0.00563833705070587,9.58880168816129e-07,1.45095656674298e-05,2.47923764684572e-05,4.51188641823069e-05,3383076.18485761,368106.436101412,1.00000139465655,1,0.801,-24.9647695179154,7.81914907153962e-17,-6.95481505719187e-10
4.8,0.648592746055406,-24.9573234592875,-24.9525806981377,0,0,0,2.96097946058731,3.01362707139125,3.19117672842207,-3.2806493490717,0,0.3916,1.26311492381229,0.608888155213953,0.00563306366113767,9.58881791666841e-07,1.45025459269163e-05,2.47774304824693e-05,4.50609380568502e-05,3383093.37617863,368108.306868686,1.00000139795244,1,0.8,-24.9634469494401,6.3434403298993e-17,-6.67958299782612e-10
5,0.648601758314325,-24.9556465865189,-24.950901930852,0,0,0,2.96205426633551,3.01501695424056,3.19527935562841,-3.2754062471881,0,0.3916,1.26311344013708,0.608882878937103,0.00562784400213473,9.58883521472953e-07,1.44951668643048e-05,2.47621339705553e-05,4.50045357974811e-05,3383110.50846385,368110.132936346,1.00000139536355,1,0.8,-24.9621280589219,6.53693177180974e-17,-6.56046605929106e-10
5.2,0.643973783785894,-24.9538470019416,-24.9486280870611,0,0,0,2.96240520372441,3.01643093887761,3.19998141357654,-3.26967697459459,0,0.3916,1.26311122178853,0.612952086484156,0.00618429671928069,1.05479919766224e-06,1.44909696760601e-05,2.47461883014607e-05,4.49374741107542e-05,3383133.37538058,368107.621602551,1.00000146326381,1,0.801,-24.9607362991643,4.88390197661765e-17,-8.02479915851251e-10
5.4,0.648621041308915,-24.9521154287912,-24.9473459772085,0,0,0,2.96326833986067,3.017866694271,3.2044529052383,-3.26396703278744,0,0.3916,1.26311028144177,0.608871645918638,0.00561663532726253,9.58886955090961e-07,1.44844652978387e-05,2.47307786682711e-05,4.48767812419175e-05,3383147.17061819,368114.116165207,1.00000147719062,1,0.801,-24.9593484385975,1.86697708277873e-17,-1.22307630689988e-09
5.6,0.6511032983261,-24.9505176929412,-24.9460108551819,0,0,0,2.96527716091795,3.01935182415479,3.2077027353051,-3.25970368241695,0,0.3916,1.26310922277837,0.606673680869382,0.00533133264997774,9.1093290981897e-07,1.44729139180709e-05,2.47147900315158e-05,4.48330219947951e-05,3383160.76055564,368118.161163176,1.00000137984602,1,0.801,-24.9580790687409,4.45093314469473e-17,-1.21740656444658e-09
5.8,0.648637707673876,-24.9488908480753,-24.9441613004756,0,0,0,2.96692143526044,3.02087791682755,3.21091739672028,-3.25573617863884,0,0.3916,1.26310749295533,0.608861729444722,0.00560709694694604,9.58889781629248e-07,1.44627833785624e-05,2.46980010047958e-05,4.47867343628742e-05,3383179.32978867,368117.711081299,1.00000137938397,1,0.801,-24.9568132021896,6.10753106617713e-18,-1.36523936600241e-09
6,0.648646525396091,-24.9472348231721,-24.9424865418347,0,0,0,2.96816407652633,3.02242674086209,3.2144073671749,-3.25150529646771,0,0.3916,1.26310600303791,0.608856430969201,0.00560208778090386,9.58891718790991e-07,1.44542623154849e-05,2.46811407449579e-05,4.47362268202506e-05,3383196.53850631,368119.467996074,1.00000140764938,1,0.802,-24.9555127513403,4.92449073665889e-18,-1.41112216356376e-09
6.2,0.644020699309487,-24.9454569762804,-24.9402321719948,0,0,0,2.96870493534806,3.02398793314981,3.21853180604229,-3.24672206564622,0,0.3916,1.26310380229307,0.612925839047601,0.00615620912749423,1.05480848823675e-06,1.44488667663779e-05,2.46637760375339e-05,4.46751465429406e-05,3383219.10096662,368116.831478877,1.00000145765403,1,0.797,-24.9541394625192,4.13411899961998e-17,-1.4583388940892e-09
6.4,0.617619729617443,-24.9426453837839,-24.9337320461289,0,0,0,2.96310063921695,3.02547740981613,3.22873405693494,-3.2358757737734,0,0.3916,1.26309643487073,0.63514005823972,0.0103348726879582,1.77432561180257e-06,1.44708792079633e-05,2.4644287221405e-05,4.45190612585057e-05,3383283.38290529,368085.590353322,1.00000192629526,1,0.765,-24.9521054808169,1.54945619458861e-17,-1.47612705392319e-09
6.6,0.597842804516406,-24.9382800967917,-24.9251597758659,0,0,0,2.94931318820693,3.02674900578709,3.24941536126056,-3.21274876781683,0,0.3916,1.263086969975,0.650482224974239,0.0147593983757,2.54210865417459e-06,1.4530352399283e-05,2.46260755185317e-05,4.42227741168479e-05,3383372.12045898,368054.461046132,1.00000290967779,1,0.739,-24.9488051436863,3.45449152647866e-18,-1.44637496424238e-09
6.8,0.583103989804529,-24.9323706395768,-24.9151795295462,0,0,0,2.93040525407846,3.02775350837183,3.27982797415703,-3.17718701212067,0,0.3916,1.26307631902424,0.661108806729164,0.0188602602990883,3.26219145605047e-06,1.46157266964088e-05,2.46102492600939e-05,4.38131250820821e-05,3383476.45057202,368027.363892807,1.00000388679075,1,0.717,-24.9441735627157,-1.30549482391161e-17,-1.4334680664696e-09
7,0.562948386908365,-24.9242221294215,-24.9002525692073,0,0,0,2.90449121079491,3.0284492729609,3.32278874754551,-3.12615364226747,0,0.3916,1.26306010765139,0.674451316367874,0.0256559414537209,4.46292143280168e-06,1.47372426157361e-05,2.45948590945048e-05,4.3256610768011e-05,3383633.31277657,367980.819008052,1.00000514628178,1,0.698,-24.9377337624151,8.37503826597689e-20,-1.32941246899776e-09
7.2,0.551303059560427,-24.914006358619,-24.8851298933993,0,0,0,2.87413193692673,3.02879792384793,3.37812863515165,-3.05797006660569,0,0.3916,1.26304451230233,0.681584177998735,0.0301519948701651,5.27987300632738e-06,1.48849051487066e-05,2.4584039184991e-05,4.25860960813934e-05,3383794.42923455,367954.996936852,1.00000657329101,1,0.682,-24.9292996921439,-3.64005526939839e-17,-1.14721843136323e-09
7.4,0.546983822318278,-24.9027214275491,-24.871708353064,0,0,0,2.84694517658408,3.02897452970095,3.43872717767863,-2.9800415435483,0,0.3916,1.26303166328302,0.684182787946761,0.0318594366065016,5.61641148238143e-06,1.50231900854754e-05,2.45771730809967e-05,4.19074085580576e-05,3383935.51341015,367952.300367047,1.00000741206889,1,0.666,-24.9197055043265,-6.23667182689789e-17,-2.05019334842405e-10
7.6,0.537429321458275,-24.8900579929609,-24.8545566521215,0,0,0,2.8209020742309,3.02913975218816,3.5043942372592,-2.89418009513378,0,0.3916,1.26301451529876,0.689613099415656,0.0359657086327131,6.3857921201002e-06,1.51601036404826e-05,2.45684862507678e-05,4.12083252644795e-05,3384115.37047173,367931.180422306,1.00000815707905,1,0.652,-24.9089823155497,-9.44181802952856e-17,-6.48335163333513e-10
7.8,0.528579061899469,-24.8756622129444,-24.8354915224606,0,0,0,2.7929134260035,3.02928116113147,3.57820753149834,-2.79646345092307,0,0.3916,1.26299556796085,0.69441464470707,0.0399947058482938,7.15550601460202e-06,1.53100939408802e-05,2.45596956061416e-05,4.04617263726629e-05,3384316.95999916,367912.345536865,1.00000924431723,1,0.64,-24.8966369295883,-1.04649332446493e-16,-7.8755724164381e-10
8,0.520828958081884,-24.8596009390243,-24.814982750075,0,0,0,2.76423638349131,3.0294262860399,3.65945799077121,-2.68737789161548,0,0.3916,1.2629754427335,0.698456686302222,0.0436819209214872,7.8774279038738e-06,1.54675660986486e-05,2.45509662575212e-05,3.96864800780412e-05,3384533.60686296,367897.595930701,1.00001030560632,1,0.627,-24.8826915344138,-1.10484224782772e-16,-7.07217950868255e-10
8.2,0.512013303297858,-24.8416714256582,-24.7917263923944,0,0,0,2.73440902539299,3.02959172696692,3.74869113544317,-2.5663676525416,0,0.3916,1.26295250522533,0.702842575048484,0.0480878827831107,8.74409587506273e-06,1.56354287277079e-05,2.45412777717748e-05,3.88816917603115e-05,3384779.83056753,367878.607864614,1.00001143564733,1,0.616,-24.8670092636456,-1.17328409815265e-16,-8.80145734072357e-10
8.4,0.505612239069079,-24.8220487063191,-24.7678236268317,0,0,0,2.70461448469156,3.02980086210054,3.84523538406059,-2.43350778988765,0,0.3916,1.26292944697839,0.705943260701004,0.0513645286953105,9.41851300127896e-06,1.58076366211664e-05,2.4532006940623e-05,3.80657247784099e-05,3385032.26736337,367870.304895328,1.00001256414006,1,0.606,-24.8496233679612,-1.05119541611337e-16,-1.1146299438991e-09
8.6,0.497652653557548,-24.8005681538895,-24.7409184806966,0,0,0,2.67462123243352,3.03009772353151,3.94900437986313,-2.28925842631988,0,0.3916,1.26290324608705,0.709623769723026,0.0556165368520637,1.02859544135937e-05,1.5985613207987e-05,2.45209680337246e-05,3.72401975721918e-05,3385316.83716471,367855.416409492,1.00001366541335,1,0.595,-24.8305172389075,-1.06198767465258e-16,-1.06180353398599e-09
8.8,0.487454751902932,-24.7765824438335,-24.7096214084895,0,0,0,2.64145970303931,3.03038090752713,4.06358696648945,-2.129162051402,0,0.3916,1.26287231946309,0.714080019592964,0.0613261048355366,1.1443131653318e-05,1.61869229402951e-05,2.45085937206423e-05,3.6379314285145e-05,3385650.67896959,367830.795045723,1.00001512852653,1,0.586,-24.8090830422651,-1.27333510048673e-16,-7.5243922204038e-10
9,0.482433923331255,-24.750710425747,-24.6795453969857,0,0,0,2.60891541279296,3.03066173791338,4.18663461143528,-1.95428095308493,0,0.3916,1.26284381680068,0.716270184633808,0.0641276384310206,1.20704045940749e-05,1.63907545652691e-05,2.44989607316106e-05,3.55233302991333e-05,3385968.42428966,367832.133846272,1.00001650226674,1,0.576,-24.7856011553827,-1.40048215740789e-16,-8.09993627726158e-10
9.2,0.476333926608221,-24.7231462739597,-24.6470158194616,0,0,0,2.57872138125353,3.03110845061688,4.3151610810012,-1.7690514082407,0,0.3916,1.26281284842175,0.718822374723304,0.0676437044057235,1.28426845052489e-05,1.65861883278933e-05,2.44871811592306e-05,3.46908343890342e-05,3386311.24000737,367828.777766749,1.00001755900794,1,0.567,-24.760557849607,-1.1866317492146e-16,-9.23412013520419e-10
9.4,0.472457358010419,-24.6941539544588,-24.614488359291,0,0,0,2.55097282861026,3.03179931042644,4.44839378016073,-1.57401233231073,0,0.3916,1.26278250114355,0.720459399235131,0.0698523699314524,1.33739665532111e-05,1.67706389652553e-05,2.44740634044333e-05,3.38893555052397e-05,3386652.08641095,367837.744102932,1.00001857587454,1,0.559,-24.7340827000465,-1.0577990967284e-16,-1.14143405838263e-09
9.6,0.466704917925792,-24.6635277903235,-24.5788631415203,0,0,0,2.52448418925321,3.03279558185616,4.58647238074918,-1.36976925002672,0,0.3916,1.26274878981976,0.722754526534919,0.0732751984842629,1.41468747857332e-05,1.69505072571111e-05,2.44565468853332e-05,3.31112626627655e-05,3387026.8861651,367837.869323147,1.00001956400304,1,0.551,-24.7061837464223,-1.0945698557599e-16,-1.1177361258774e-09
9.8,0.461515128653589,-24.6311330247371,-24.5416607686004,0,0,0,2.49809326338822,3.03403474676307,4.73090261512111,-1.15390807790518,0,0.3916,1.26271375150401,0.724780804309061,0.0764029466910044,1.48718503553847e-05,1.71328943675071e-05,2.44366172347529e-05,3.23498827258123e-05,3387418.51369964,367842.272510213,1.0000207215892,1,0.544,-24.6766182570565,-1.02636041009988e-16,-1.20298748740311e-09
10,0.455342885317055,-24.5967601070289,-24.5015333411821,0,0,0,2.47134026083097,3.0354725709963,4.88244615713737,-0.925420487224413,0,0.3916,1.26267571605969,0.727092654995722,0.0802244335897796,1.5742157131988e-05,1.73214304947327e-05,2.44138816109204e-05,3.16010896610235e-05,3387842.16719757,367842.581468802,1.00002193650261,1,0.537,-24.6452668796771,-1.4494131331884e-16,-1.39495526241262e-09
10.2,0.450821801246849,-24.5606072402619,-24.4607869718031,0,0,0,2.44524147047746,3.03709138666413,5.04062536302659,-0.684129828115755,0,0.3916,1.26263763227356,0.728775165246596,0.083024246256994,1.64195231203633e-05,1.7509343554425e-05,2.43902514673729e-05,3.08726824440941e-05,3388270.50276363,367853.51830839,1.00002316390921,1,0.53,-24.612201248928,-1.36681895050164e-16,-1.31554545035328e-09
10.4,0.44496484967496,-24.5225015015112,-24.4168641893042,0,0,0,2.41944354752449,3.03890204832205,5.20550807033954,-0.430253676679215,0,0.3916,1.26259621847276,0.730856417298945,0.0867576608180076,1.72906808465167e-05,1.76991802012971e-05,2.43636525392113e-05,3.01615996490635e-05,3388733.68328851,367858.16808676,1.00002436239604,1,0.525,-24.5774298614072,-4.96016141165014e-17,-5.88469317719387e-09
10.6,0.440319506974338,-24.4825152147939,-24.3719069825137,0,0,0,2.39407113908931,3.04086142784937,5.37744250191253,-0.162551862148532,0,0.3916,1.26255424753821,0.732486259004103,0.0897304644221796,1.80171375850202e-05,1.78898359572201e-05,2.43361920145585e-05,2.9470043471859e-05,3389206.45870608,367871.415082065,1.0000256386175,1,0.519,-24.5408981444579,-9.95155716323028e-17,-3.13814840779969e-09
10.8,0.433346766272757,-24.4401484277347,-24.3221297192039,0.000114602569619464,0.000272409245589408,0,2.36768089503766,3.0428945235745,5.55640365529779,0.108598227190901,9.06516020359922e-08,0.3916,1.26250685000017,0.734800947060551,0.0943400536578643,1.90830089993606e-05,1.80925244701513e-05,2.43059942807819e-05,2.87859162448569e-05,3389735.87255871,367870.66735317,1.00012746901887,1,0.512,-24.502356050682,-4.31988920682061e-17,-3.39207906208117e-09
11,0.430954844611168,-24.3960199638885,-24.2739528746267,0.00114938031030835,0.0027320663425442,0,2.34344054289038,3.0450535871259,5.71832326963552,0.299813938768939,1.4527787414329e-06,0.3916,1.26246201536472,0.735696794212949,0.0957908547170965,1.95218235115447e-05,1.82823381360655e-05,2.42770011595292e-05,2.81064112705293e-05,3390247.8095682,367864.26300829,1.0016416745456,1,0.51,-24.4622045349604,-1.37298323277528e-16,-3.50980799979084e-09
11.2,0.426860990454803,-24.350234925137,-24.2226883229305,0.00292669898488687,0.00695673635580429,0,2.32206770282475,3.04759632409556,5.85075386208021,0.424429372795525,4.62923341936485e-06,0.3916,1.26241387335989,0.737161281344599,0.0983713954916397,2.02060688511614e-05,1.8452628245823e-05,2.42424698920201e-05,2.74422117284262e-05,3390793.04135897,367796.593035616,1.00512482618324,1,0.506,-24.420975736585,-1.99342639630958e-16,-3.31601679448568e-09
11.4,0.421102291015359,-24.30215603613,-24.1674729182632,0.00518437743269707,0.0123232170969743,0,2.29983464956436,3.05033365359168,5.96151845302313,0.512611448978419,9.45963022932578e-06,0.3916,1.26236152780161,0.739131169239297,0.102106931368946,2.11361780077858e-05,1.86323626523432e-05,2.42042177880437e-05,2.67990364655275e-05,3391383.33444877,367674.829256715,1.01032008908899,1,0.502,-24.3780235322533,-5.3286842711768e-17,-3.22067439384455e-09
11.6,0.416339716768719,-24.2518483701805,-24.1110335186156,0.0077728151251087,0.0184759094963363,0,2.27725001945967,3.05307907810852,6.05484180435422,0.578571557205768,1.58106673817592e-05,0.3916,1.26230860028812,0.740798381688796,0.105148577486615,2.19243439882642e-05,1.88182479385174e-05,2.4166362849381e-05,2.61916424685867e-05,3391983.43082438,367520.521871405,1.01700258696253,1,0.499,-24.3332268849088,-8.22405464312882e-16,-3.65189745110683e-09
11.8,0.411252138312714,-24.1993727348564,-24.0521417508344,0.0105889017865611,0.0251697213847423,0,2.25509599237849,3.05573264280398,6.13490020044723,0.629299456222456,2.34764372191008e-05,0.3916,1.26225340834814,0.742545645072451,0.108432860559418,2.27644035579085e-05,1.90041994843292e-05,2.41286008766363e-05,2.56233710817177e-05,3392608.93975627,367332.704520207,1.02487268535313,1,0.496,-24.2867261926526,-7.6156012309629e-16,-3.37119221427429e-09
12,0.407751757115393,-24.1451238000828,-23.993164721615,0.0135635144988261,0.0322403482263515,0,2.23466160109853,3.05824276251525,6.20162591222055,0.668534097225071,3.24345396244256e-05,0.3916,1.26219892204477,0.743841298189609,0.110582502078309,2.33646614630756e-05,1.91784049435983e-05,2.40926452112149e-05,2.51005815837533e-05,3393230.50742487,367125.114358166,1.03385622368044,1,0.493,-24.2387931247637,-4.5781326117795e-16,-3.63805252590055e-09
12.2,0.399834434226514,-24.0880927204418,-23.9268357862338,0.0166454442355846,0.0395660666403246,0,2.21227540184933,3.06032145035277,6.26314970660665,0.703391585870533,4.25019397820989e-05,0.3916,1.2621359852552,0.74631707952048,0.115959821739263,2.46497689453333e-05,1.93739493939738e-05,2.40563605149359e-05,2.45988177669188e-05,3393938.85316919,366865.717185737,1.04370226943136,1,0.491,-24.1888437255502,-4.44434375776069e-16,-4.57744153692374e-09
12.4,0.395993086559885,-24.0288008794496,-23.8623403289526,0.0198225789745115,0.0471180864618767,0,2.18984410701061,3.06172779934819,6.32082353112803,0.73547302169446,5.36687883530324e-05,0.3916,1.26207642258854,0.747663186751081,0.118394844085484,2.53051920880208e-05,1.9574478849258e-05,2.40292206538426e-05,2.41197444775537e-05,3394619.47905893,366611.999821291,1.05434222465104,1,0.489,-24.136822357349,-4.69535773651476e-16,-3.14725401295846e-09
12.6,0.390939578336227,-23.9674882146667,-23.7946777896839,0.0230615667833863,0.0548171304573004,0,2.1691037939792,3.06267444705092,6.37307783270261,0.761426549651181,6.58622287446826e-05,0.3916,1.2620136199429,0.749317065981255,0.121730816728209,2.61588972068131e-05,1.97640412539646e-05,2.40045291774865e-05,2.36626679148333e-05,3395333.74954357,366330.504637731,1.06565541295166,1,0.487,-24.0833346389909,-6.02888405702457e-16,-3.25493942909816e-09
12.8,0.38558634618887,-23.9038495075371,-23.724222454274,0.0263423736691342,0.0626155780107778,0,2.14819191946064,3.06303455361565,6.42129817053707,0.785551036427412,7.91498157264977e-05,0.3916,1.26194812513952,0.751023034666439,0.125311679119142,2.70651650653217e-05,1.99596164186013e-05,2.39841308780759e-05,2.32240063354593e-05,3396079.06500341,366027.368779029,1.07770040233856,1,0.485,-24.0280913521115,-9.55757672847389e-16,-3.28452465225837e-09
13,0.383259241245916,-23.8387636874871,-23.6557632402524,0.0296494821823012,0.0704765442888073,0,2.12995972790056,3.06298611584646,6.46332696777134,0.804459375407198,9.34736687814573e-05,0.391050517817699,1.26188593344412,0.751959967458388,0.126639239428011,2.74853118045989e-05,2.01324570535345e-05,2.39691084549196e-05,2.28129292644438e-05,3396793.45126655,365726.100787978,1.09038677393793,1,0.484,-23.9720651514521,-9.79638919762276e-16,-3.54728690865613e-09
13.2,0.377955557001034,-23.7717841796792,-23.5821698037873,0.0329545494228173,0.0783326584806686,0,2.11244769899942,3.06260726136198,6.50220183732207,0.819607621864604,0.00010869040024729,0.387745450577183,1.26181784841022,0.753629072371242,0.130204820872505,2.83981654394631e-05,2.03011324229641e-05,2.39532001764244e-05,2.24164405127368e-05,3397568.25202425,365390.270527096,1.10354790551806,1,0.483,-23.9151078238034,-9.76469322473651e-16,-3.14137160728478e-09
13.4,0.373845990283762,-23.7027995023883,-23.5077408925523,0.0362539706983016,0.0861753522659891,0,2.09453482134919,3.06170712665654,6.54068583948935,0.834932317635772,0.000124799129207176,0.384446029301698,1.26174949748109,0.75498123516518,0.132893153890422,2.91181417239125e-05,2.04768821535848e-05,2.39422619667248e-05,2.20291400150303e-05,3398349.87765045,365050.205599753,1.11715746305102,1,0.482,-23.8566678660219,-9.78965952085683e-16,-2.89905166539484e-09
13.6,0.368870553305793,-23.6317220764677,-23.4302177072761,0.039542595549647,0.0939923830512171,0,2.07650980882039,3.06032472121722,6.57877866066295,0.849505106742058,0.000141790680724487,0.381157404450353,1.26167799437871,0.756521953031764,0.136255499209517,2.99888316393569e-05,2.06576566144718e-05,2.39343851987837e-05,2.16480498161967e-05,3399165.78841215,364691.934737304,1.13118235068075,1,0.482,-23.7968930851244,-9.80049307225221e-16,-2.73709055420568e-09
13.8,0.367719291537653,-23.5596228203443,-23.3561916516185,0.0428140989419964,0.101768716287132,0,2.06148342902549,3.05873050301808,6.6128202987261,0.859984433507825,0.000159646543154991,0.377885901058004,1.26161157071552,0.757156190691574,0.136705866066888,3.02224194056983e-05,2.08089575820695e-05,2.39309408951125e-05,2.1285793138137e-05,3399931.81326734,364347.915950729,1.14558265330677,1,0.487,-23.7363164314894,-9.80032366566276e-16,-2.76951794830893e-09
14,0.36662865903891,-23.4871373315259,-23.2820986248166,0.0460415544150881,0.109440348027307,0,2.05065383761693,3.05740661749324,6.64050677861646,0.862998756900324,0.000178194418234468,0.374658445584912,1.26154532218868,0.757790586054027,0.137095619769174,3.04573265675116e-05,2.09149247702249e-05,2.39230185078058e-05,2.09465788924831e-05,3400694.58143285,363994.667669763,1.16019199773275,1,0.493,-23.675764553626,-9.7974437536421e-16,-2.73461608912839e-09
14.2,0.367917393008792,-23.4150221771366,-23.211269837562,0.0492021193926817,0.116952981679776,0,2.04437257716599,3.05665188400927,6.66144745695829,0.859251091962294,0.000197261227874082,0.371497880607318,1.26148326380738,0.757876568214928,0.135659004600818,3.02979828378027e-05,2.09683456042104e-05,2.39092734712831e-05,2.06348055103446e-05,3401413.9694903,363652.364399143,1.17485661071352,1,0.498,-23.6157234077732,-9.1856996184761e-16,-1.9180159682719e-09
14.4,0.367241809363564,-23.3430171308145,-23.1383037822996,0.0522745999924258,0.124256239582662,0,2.04044104061819,3.05658588654272,6.67840242629417,0.851224338119781,0.000216655315519053,0.368425400007574,1.26141839069714,0.758431143271683,0.135714953595477,3.04844664152489e-05,2.09924846480746e-05,2.38845537958708e-05,2.0341368865925e-05,3402160.49727343,363294.90387521,1.18942008161322,1,0.504,-23.5562817267264,-8.59318313121277e-16,-1.40436284823409e-09
14.6,0.368329483718813,-23.2713537595876,-23.0676866445319,0.055256230416696,0.131343547460651,0,2.03839130661971,3.05715299492161,6.69283250404367,0.841705206425734,0.000236306625103499,0.365443769583304,1.26135645453769,0.75856504902243,0.13443154764287,3.03741535786694e-05,2.09921269679861e-05,2.38533583385481e-05,2.00651278581741e-05,3402877.48404979,362950.585077358,1.20383329253385,1,0.509,-23.4972907226152,-6.35702462079089e-16,8.42045722038165e-09
14.8,0.368312180128469,-23.1999540500552,-22.9960573839053,0.058142766155126,0.138204816151952,0,2.03778209259261,3.05841667273869,6.70510674159033,0.830561072802034,0.000256135606057163,0.362557233844874,1.2612930947703,0.758960676690854,0.133989776292388,3.04616585928877e-05,2.09727435722828e-05,2.38127932675459e-05,1.9802350424458e-05,3403607.69339681,362600.113935778,1.21805392305852,1,0.513,-23.4388364561636,9.47711283364946e-17,8.66521432385525e-09
15,0.368025311692134,-23.1285297472778,-22.9239807344953,0.0609382317095101,0.144849611860019,0,2.03720832631643,3.06020338618415,6.7172355830896,0.820453140700494,0.000276137072466429,0.35976176829049,1.26122913483135,0.759412788423819,0.133760435893216,3.0598822182314e-05,2.09505590013722e-05,2.37659126076907e-05,1.95482821359364e-05,3404344.43977558,362250.073561476,1.23211263612218,1,0.518,-23.3805827491521,5.30777949803857e-16,8.57278692478758e-09
15.2,0.369478954129604,-23.0576030250422,-22.8545048321444,0.0636479879347149,0.151290677287176,0,2.03837710161702,3.0625928551713,6.72739671223134,0.809518051321964,0.000296290565553754,0.357052012065285,1.26116840009619,0.759444942999952,0.132214065143834,3.04378228031098e-05,2.09067582491557e-05,2.37140441206883e-05,1.93076607396889e-05,3405047.87931302,361914.170155817,1.24600420756267,1,0.522,-23.3228196350011,5.0105048148702e-16,9.68022284553172e-09
15.4,0.369550150596018,-22.9869967669372,-22.783735044429,0.0662698575155135,0.157522836975311,0,2.04050214111595,3.06562524854789,6.73651564996137,0.797590084220998,0.000316508730857436,0.354430142484487,1.26110584859666,0.75980781685361,0.131717356253361,3.05248936734777e-05,2.08505108456008e-05,2.36539239500726e-05,1.90754340469939e-05,3405768.39179375,361571.539634799,1.25967035092987,1,0.526,-23.2655894165557,6.02967179766552e-16,5.39595035320417e-09
15.6,0.369350805411428,-22.9163753090937,-22.7124994356275,0.0688096364612653,0.163559867984943,0,2.04213438750521,3.06910178935234,6.74693934919571,0.78734380071881,0.000336792986637292,0.351890363538735,1.26104265868994,0.760226615871572,0.131434575738904,3.06616680324543e-05,2.07982537551859e-05,2.358902180082e-05,1.88460735551037e-05,3406495.96753199,361230.956385218,1.27312810643906,1,0.53,-23.2085088864539,5.87155615740156e-16,6.01931127164335e-09
15.8,0.370015952021205,-22.8459758119428,-22.6425133813113,0.0712746587969036,0.169419203225347,0,2.04434752425341,3.07303438486964,6.75735846074279,0.777653426605879,0.000357166884081157,0.349425341203096,1.26098101791065,0.76043014627787,0.130504270799838,3.06488117396524e-05,2.07384670520498e-05,2.35205721763142e-05,1.8622695912752e-05,3407207.65507157,360899.351449025,1.28641003604776,1,0.534,-23.1516906025147,6.03821836010331e-16,5.02910957322911e-09
16,0.370145065350522,-22.7757556889937,-22.5720712273397,0.0736673424001527,0.175106589969462,0,2.04705913142224,3.07744790996877,6.76767543543923,0.767924898766625,0.000377605708511789,0.347032657599847,1.26091870990562,0.760760788061322,0.129982120978983,3.07355147916251e-05,2.06723264772759e-05,2.34470367109834e-05,1.84041572256631e-05,3407925.38719185,360566.694048807,1.29950893786146,1,0.537,-23.0951876329309,5.78067799249064e-16,5.6316196150874e-09
16.2,0.370289403885313,-22.7056175709853,-22.5016714346854,0.0759919508017549,0.180632162590337,0,2.04979762594679,3.08226851723207,6.77860244708913,0.758994150242763,0.000398111347991841,0.344708049198245,1.26085640999717,0.761081670057113,0.129454513916219,3.08221385219506e-05,2.06051148158559e-05,2.33698087204669e-05,1.8188873108789e-05,3408643.12299219,360237.154130821,1.31243890841273,1,0.541,-23.0388738306811,5.82500322662046e-16,5.71791503034547e-09
16.4,0.371009763584,-22.6357502092996,-22.4322439295,0.0782523976189154,0.186005223719789,0,2.05324448620407,3.08752970153587,6.78921494228126,0.75008561650442,0.00041868485828612,0.342447602381085,1.26079527798811,0.761257486747226,0.128497219111635,3.08085452466903e-05,2.05294998939502e-05,2.32891524324511e-05,1.79791821749302e-05,3409348.64679932,359914.287998248,1.32521184073014,1,0.544,-22.9828684661874,3.86659528993274e-16,6.65399113586318e-09
16.6,0.371754320560269,-22.5662496499803,-22.3632320907231,0.0804496821333232,0.19122814864113,0,2.05758660747471,3.09328293584137,6.7991207119005,0.740641568512359,0.000439294152692434,0.340250317866677,1.26073454782008,0.761424960649269,0.127524472011006,3.07945995400775e-05,2.04435337903248e-05,2.32039940639111e-05,1.77755981866927e-05,3410049.28773317,359594.272533348,1.33781321353741,1,0.547,-22.9272916543083,4.60771523746236e-16,6.96293689372851e-09
16.8,0.371408188969784,-22.4967423622607,-22.2928180179347,0.0825859379359083,0.196306008880219,0,2.06145778398374,3.09941312884716,6.81015205647901,0.732093132044716,0.000459924529597749,0.338114062064092,1.2606719620819,0.761856966937681,0.127375825110326,3.09810641040349e-05,2.03621832370529e-05,2.31146203624872e-05,1.75728346776767e-05,3410768.58464793,359269.58525848,1.35024283803299,1,0.551,-22.8719054033521,5.19697911820823e-16,6.5523977355042e-09
17,0.372720669729408,-22.4275964660445,-22.2247756312416,0.0846667249311549,0.201252020278476,0,2.06609451372847,3.10593379831252,6.82089340616068,0.723920177737182,0.000480608590118656,0.336033275068845,1.26061233556631,0.761871299595501,0.125989500032583,3.08662088156494e-05,2.02722354961248e-05,2.30236157557409e-05,1.73759072455053e-05,3411458.05447451,358959.602014914,1.36253513551703,1,0.553,-22.8168337558885,4.69855105072591e-16,4.48875070446775e-09
17.2,0.373238257693386,-22.3588214800273,-22.156187731629,0.0866914654832453,0.206064809800916,0,2.07160291525116,3.1129372818935,6.83082771491914,0.71487898583049,0.000501297550831849,0.334008534516755,1.26055185691708,0.762083801996473,0.125198895551592,3.09016756330499e-05,2.01728001166289e-05,2.29276932784836e-05,1.71842648474275e-05,3412154.75848711,358646.267960453,1.37466115663748,1,0.556,-22.7622594931437,5.4844756530335e-15,9.33933463898029e-09
17.4,0.373765271672656,-22.2902707110747,-22.0877675133681,0.0886622572624277,0.210749363590273,0,2.07711940467761,3.12032589120684,6.84127023301974,0.706438774709979,0.00052198315268587,0.332037742737572,1.26049148643058,0.762288362533902,0.124406915325605,3.09368984176126e-05,2.00730305159597e-05,2.28286848758241e-05,1.69953691698613e-05,3412850.39195141,358336.296682586,1.38662430661897,1,0.559,-22.7080085728985,3.50583887549945e-15,1.08420259437025e-08
17.6,0.374030024840584,-22.221853691159,-22.0191296203777,0.090582471155119,0.21531369421231,0,2.0825183346964,3.12805267206217,6.85242317587763,0.698702154928317,0.000542676813592515,0.330117528844881,1.26043076556363,0.762554291167279,0.123815427226928,3.10223288335755e-05,1.99744979143046e-05,2.27270230480987e-05,1.68082765372084e-05,3413549.33786779,358027.269053845,1.39844152347503,1,0.562,-22.6540310058563,3.50131995472585e-15,1.10891136273494e-08
17.8,0.374572272436331,-22.1536147196099,-21.9509929293078,0.0924556805498762,0.219766295578503,0,2.08805123433238,3.13609724024208,6.86397701598892,0.691532230982301,0.000563396465116569,0.328244319450124,1.2603706224293,0.762745232836055,0.123022059934471,3.1057222440282e-05,1.98747274936457e-05,2.26235064457088e-05,1.66238372866854e-05,3414242.32806686,357722.777692467,1.41013343388068,1,0.565,-22.6003329305343,3.87761688264241e-15,9.59136770006808e-09
18,0.375665570854579,-22.0857865404659,-21.8839840079098,0.0942835774510775,0.224111189567572,0,2.09450249648752,3.14453043391309,6.87478135100048,0.683973856669543,0.000584133799045376,0.326416422548923,1.26031179785249,0.762793309189336,0.121821926947819,3.09908607517803e-05,1.97657137694223e-05,2.25176532853506e-05,1.64448592643035e-05,3414921.3501537,357424.566059649,1.42169987377532,1,0.568,-22.5470949039305,4.01375032385923e-15,8.95031604386531e-09
18.2,0.376238022536061,-22.0182780448444,-21.8166484942569,0.0960660581362544,0.228348129632171,0,2.10138032732802,3.15335361266491,6.88534560132087,0.676137746059024,0.00060485410448832,0.324633941863746,1.26025241238251,0.762972699959693,0.121010664664921,3.10252218372763e-05,1.9652572729623e-05,2.24084379904688e-05,1.62694607903791e-05,3415605.22923973,357125.025756543,1.43312194868541,1,0.57,-22.4943192562649,4.07209903546379e-15,9.66362279086752e-09
18.4,0.376815261516389,-21.9509933226614,-21.7494967194163,0.0978052080831782,0.23248207293363,0,2.10821670319139,3.16249478187206,6.89643144603843,0.668863368465002,0.000625559746991807,0.322894791916822,1.26019316054499,0.76314582740413,0.12020101225637,3.10593680996855e-05,1.95401305574692e-05,2.22972011345676e-05,1.60961743171543e-05,3416287.67317069,356828.395196117,1.4444084210463,1,0.573,-22.4418905964999,4.0446687204999e-15,9.88286785741366e-09
18.6,0.376866177302318,-21.8837486684213,-21.6816874201161,0.0995038718732415,0.236519781015549,0,2.11459682989331,3.17188423088646,6.90860325691386,0.662458441221383,0.000646267651821174,0.321196128126759,1.26013301645401,0.763450575555884,0.119785068852367,3.11947434442083e-05,1.94327388628967e-05,2.21843113716074e-05,1.59230721239912e-05,3416978.96816857,356530.279678511,1.45557768863703,1,0.576,-22.3896928834486,3.90415442487989e-15,9.85168213674115e-09
18.8,0.37744528633718,-21.8166327610709,-21.6146506184047,0.101165734473455,0.240470013010351,0,2.12098651529386,3.18150004839313,6.92132119334121,0.656778495147303,0.000667012149242626,0.319534265526545,1.26007382471894,0.763612985482559,0.118984324187637,3.12287115658582e-05,1.93258580447461e-05,2.2071037914464e-05,1.57518947324899e-05,3417660.80150207,356238.148852825,1.46665933313747,1,0.578,-22.337724316282,3.67260441622077e-15,1.08702451484533e-08
19,0.378296207739152,-21.7498323597601,-21.5483151838781,0.102792012472157,0.244335660737241,0,2.12812118742564,3.19141934674182,6.93342610360761,0.650746994865284,0.000687786848038126,0.317907987527843,1.26001543339598,0.7637027120582,0.117985301858439,3.12117401858045e-05,1.92123316996254e-05,2.19563296000617e-05,1.5585048656867e-05,3418333.89006533,355949.587873375,1.4776521051367,1,0.581,-22.2861487918866,3.63896196162172e-15,1.10278186582491e-08
19.2,0.378632588104604,-21.6832088073515,-21.4814912415264,0.104382875770829,0.248117128050462,0,2.13535177920707,3.20161559227619,6.94566955587037,0.644720620534006,0.000708569242816661,0.316317124229171,1.25995632341162,0.763925310428036,0.117367128635503,3.12962434785418e-05,1.90984613117262e-05,2.18396787368263e-05,1.54203115265399e-05,3419013.71725015,355658.96501925,1.48854442629245,1,0.583,-22.2348957071518,3.62723055530225e-15,1.09519575630657e-08
19.4,0.379229818158556,-21.6167592978682,-21.4151443605212,0.105940245472138,0.251818981393245,0,2.14260761617708,3.21204567035288,6.95827995491601,0.639148693132626,0.000729370309407358,0.314759754527862,1.25989775708223,0.764074697379078,0.116561911739283,3.1329805311215e-05,1.89849653481002e-05,2.17223094914395e-05,1.52576594459489e-05,3419688.09978938,355372.324590312,1.49934843988088,1,0.585,-22.1838944970653,4.17566914205636e-15,1.04189012972711e-08
19.6,0.379572777017255,-21.5504396412509,-21.3486009157718,0.107465587441754,0.255444705114699,0,2.14987846214029,3.22270182703536,6.97121000474825,0.633820027417744,0.000750193169777596,0.313234412558246,1.25983887689914,0.764288707093355,0.115945978559412,3.14142291137408e-05,1.88720639156357e-05,2.16038876415912e-05,1.50967239717616e-05,3420365.26067977,355085.340679583,1.5100698114271,1,0.588,-22.1331314831823,4.65422581659609e-15,9.5038501513045e-09
19.8,0.380432339639183,-21.4843849459394,-21.2829897085607,0.108960447845421,0.258997974436466,0,2.15758992069275,3.23359951424604,6.9839324029419,0.628563393214108,0.000771043984935601,0.311739552154579,1.25978110902271,0.764361724097097,0.11495564869876,3.13965876669084e-05,1.87557844275737e-05,2.14849822835608e-05,1.49391712819692e-05,3421031.06644652,354803.958018957,1.52071584083449,1,0.59,-22.0826508436632,6.78089854232178e-15,-1.7372066452026e-08
20,0.381299609939992,-21.4186892391361,-21.2177815093697,0.110424815018925,0.262478761632815,0,2.1660077643992,3.24479208712727,6.99595816838611,0.622820709757192,0.00079189939380004,0.310275184981075,1.25972372889088,0.764431180668253,0.113961559586725,3.13786959073622e-05,1.86337388911835e-05,2.13645990586899e-05,1.47857534148725e-05,3421692.18964702,354524.169000468,1.53127269140445,1,0.592,-22.0325550832597,4.56994095614661e-15,4.63501592662396e-09
20.2,0.381660509990777,-21.3531680681195,-21.1520650071486,0.111858919259339,0.265887614117753,0,2.17430977317463,3.25622077552559,7.00837162853021,0.617271802797678,0.0008127426432925,0.308841080740661,1.25966559943426,0.764634125760066,0.113339500864324,3.1462819090871e-05,1.85135397093769e-05,2.12428646331651e-05,1.46337065637325e-05,3422360.45712298,354242.383984855,1.5417325192788,1,0.594,-21.9827211808523,6.76138798541472e-15,-1.37739064598463e-09
20.4,0.382526621741401,-21.2879104937973,-21.087254756559,0.113264631198964,0.269228978366921,0,2.18281540892589,3.2678681438374,7.02091019017571,0.612068268888772,0.000833589699967462,0.307435368801037,1.25960854238149,0.764695637097192,0.112354839013049,3.14445298516963e-05,1.83923830728103e-05,2.11209827013373e-05,1.44842371676193e-05,3423017.93784359,353966.515313627,1.55210949096793,1,0.597,-21.9331433945714,9.04747400587956e-15,-5.15095877062777e-09
20.6,0.382891877113614,-21.222827272095,-21.021973121069,0.114642662608701,0.272504546253152,0,2.19133727886202,3.27973102491682,7.03368777741245,0.60701651089107,0.000854434169706726,0.306057337391299,1.25955079381811,0.764891364479686,0.111736023730146,3.15284946640099e-05,1.82720792663445e-05,2.0998108909262e-05,1.43362879376747e-05,3423681.72428375,353688.272782462,1.56240156966888,1,0.599,-21.8838185036031,1.18559252449161e-14,-1.23530305984332e-08
20.8,0.383253949485638,-21.1578229626136,-20.9567268490486,0.115994814647889,0.275718599115496,0,2.19952476571776,3.29174265992484,7.04726352993064,0.602683809002806,0.000875294347468666,0.304705185352111,1.25949304481267,0.765083353249697,0.111124129608311,3.16124690234425e-05,1.81557433871919e-05,2.08753610088205e-05,1.41888815481394e-05,3424345.64351924,353411.705365373,1.57262418504627,1,0.601,-21.8346326329055,1.1851574883699e-14,-1.2319318898335e-08
21,0.384615201015776,-21.0932624175517,-20.893288538983,0.117322364948991,0.278874173874473,0,2.2087533671171,3.3040016986037,7.05982665962645,0.597993114132823,0.000896178188944821,0.303377635051009,1.25943749458571,0.764997374776168,0.109793427759284,3.14910344812125e-05,1.80313963630521e-05,2.0752752320831e-05,1.40466095864456e-05,3424987.11768727,353144.410737095,1.58278319739166,1,0.603,-21.7858115700338,1.18237074997344e-14,-9.73119540503831e-09
21.2,0.384741608328059,-21.0288760239931,-20.8284046124092,0.118624204882901,0.281968635328978,0,2.21794713184358,3.3164901089167,7.07248402040715,0.592969751539279,0.00091704183036263,0.302075795117099,1.2593799759779,0.765252891673274,0.109353849809994,3.16261665704432e-05,1.79083940426011e-05,2.06283590743001e-05,1.39055315483056e-05,3425647.21754339,352868.588401647,1.59285132472471,1,0.605,-21.7372996027683,1.24212350339136e-14,-1.24870389583975e-08
21.4,0.385601717739101,-20.9647010086809,-20.7646518353088,0.119902268681596,0.285006581130487,0,2.2270488200162,3.3291325189333,7.08565286313402,0.588648686362672,0.000937911190165609,0.300797731318404,1.25932383529683,0.76529797617426,0.108392534360119,3.16070233487866e-05,1.77872162847621e-05,2.05047382522782e-05,1.37661034776866e-05,3426294.01994834,352600.669714639,1.60284901401989,1,0.607,-21.6889862379797,1.24523499421981e-14,-1.31364146227497e-08
21.6,0.386218535509648,-20.9007884672961,-20.7008788975259,0.121157151857918,0.287989426807506,0,2.2365035960407,3.34198102337993,7.09858366681237,0.584124641259391,0.000958781395495569,0.299542848142082,1.25926756664993,0.765409405506365,0.107607986463124,3.16391707928989e-05,1.76642610974174e-05,2.03805995376842e-05,1.36291618177685e-05,3426941.28749463,352332.025181171,1.61277373518846,1,0.609,-21.6409850738953,1.24516469048519e-14,-1.32496822402572e-08
21.8,0.386588234501569,-20.8369982363375,-20.6368678743235,0.122389597313752,0.29091893823093,0,2.24569089898113,3.35497496376452,7.11210525379092,0.580103157834532,0.000979653848913634,0.298310402686248,1.2592109232177,0.765586674092388,0.107004291845113,3.17227786301631e-05,1.75446826803327e-05,2.02564670854323e-05,1.34928831843465e-05,3427592.16462746,352062.90327403,1.62262847162384,1,0.611,-21.5931862401356,1.25971112610156e-14,-1.21875096681379e-08
22,0.387441081324038,-20.7734648082915,-20.5737692662979,0.123601012555481,0.29379846103038,0,2.25517796376108,3.36813078141362,7.12555174249569,0.576384310699161,0.00100054432510636,0.297098987444519,1.25915536847426,0.765623391358602,0.106059192618654,3.17031729610208e-05,1.74238568721941e-05,2.01328992761372e-05,1.33591329687158e-05,3428232.04175326,351799.076518697,1.63242466873863,1,0.612,-21.5456467414467,1.25679343641145e-14,-1.20468932607309e-08
22.2,0.387568320345955,-20.7100089712515,-20.5097689776339,0.124791657557939,0.29662861316363,0,2.26439423196335,3.38142205164906,7.1395015447484,0.572798107149548,0.0010214445304251,0.295908342442061,1.25909859491504,0.765864391540616,0.105634044642938,3.18383855340931e-05,1.73064408259732e-05,2.00090299045815e-05,1.32257781048886e-05,3428883.50602625,351530.34716093,1.64215785195851,1,0.614,-21.4983089327524,1.24088598825543e-14,-1.54284762743373e-09
22.4,0.388894210476287,-20.6469418136532,-20.4477908619296,0.125962935021944,0.299412728837519,0,2.27437114092153,3.39489122897826,7.15280321281501,0.569229568129576,0.00104237231323945,0.294737064978056,1.25904431278718,0.765758127318001,0.104360259865323,3.17151275711776e-05,1.71841577134186e-05,1.98862214103964e-05,1.3096544402387e-05,3429510.24869111,351272.863692108,1.65184023258797,1,0.616,-21.4512841878099,1.15753455811381e-14,-7.05830771607907e-09
22.6,0.389267010525065,-20.5841341897797,-20.3848220700554,0.127113782912552,0.30214828360483,0,2.28464879317608,3.40857373127756,7.16570832146494,0.565010202463767,0.00106328482894973,0.293586217087448,1.25898863186946,0.765925955080185,0.103763867740475,3.17985237339686e-05,1.70607162244991e-05,1.9762207289214e-05,1.29694059295241e-05,3430149.64546947,351008.412782848,1.66144476767626,1,0.618,-21.4046276805359,1.19071842907522e-14,-5.21226439786915e-09
22.8,0.390109872040723,-20.5215782194581,-20.3227023881852,0.128245075836745,0.304837356398254,0,2.29490448878108,3.4224010447805,7.17890434838577,0.561216814422907,0.00108419041000275,0.292454924163255,1.25893394471123,0.765952464474073,0.10283982993017,3.17782662661892e-05,1.69386273911736e-05,1.96388749837411e-05,1.28439676393918e-05,3430779.38719153,350749.673338734,1.67097917075989,1,0.62,-21.3582291716582,1.13315491701276e-14,-1.03680122265359e-08
23,0.390476947642203,-20.4591879364215,-20.2601097872248,0.129357358662045,0.307481242362836,0,2.30504336015552,3.43636920443666,7.19242380595334,0.557518638844975,0.00110508841949414,0.291342641337955,1.25887856705573,0.766114905324981,0.10225485253949,3.18615490528002e-05,1.6818731685771e-05,1.95154978174019e-05,1.2719438218096e-05,3431415.37031952,350488.167369266,1.68044390934547,1,0.621,-21.3120887063724,1.13781258178312e-14,-1.05692308238758e-08
23.2,0.391310363836101,-20.3970485866753,-20.198400308959,0.130451754852901,0.31008261196316,0,2.31534607368916,3.45046844697817,7.20602097181201,0.554111437049449,0.00112599474724993,0.290248245147099,1.25882423722087,0.766136489256116,0.101345543131181,3.18409974669088e-05,1.66989077778844e-05,1.93930011255556e-05,1.25969253501973e-05,3432040.93970895,350231.99528101,1.68984980309409,1,0.623,-21.2662060606365,1.10653572079917e-14,-9.01573571354675e-09
23.4,0.391202871109149,-20.3348929352766,-20.1353631837822,0.131528721341252,0.312642551322207,0,2.32498759153933,3.46464391065689,7.22059702377657,0.551061805069736,0.00114690889743743,0.289171278658748,1.25876816478599,0.766432242948833,0.101101022543059,3.20281849517411e-05,1.65853519114e-05,1.92706036613711e-05,1.24735288564511e-05,3432683.31768249,349968.778999021,1.69919739078865,1,0.625,-21.2204718296628,1.14170622283506e-14,-1.31819177795478e-08
23.6,0.392254080149996,-20.2729836976864,-20.0741707948359,0.132590148587769,0.315165554047466,0,2.33497723544275,3.47890976618496,7.23511194163086,0.548525374208432,0.00116787027525371,0.288109851412231,1.25871440407303,0.766380400918061,0.100047967502671,3.19555023048281e-05,1.64705600801338e-05,1.91500525923573e-05,1.23527866058762e-05,3433303.21544457,349716.571139058,1.70851098194611,1,0.626,-21.1749404227378,1.10404307224199e-14,-1.09823687921562e-08
23.8,0.393309809575383,-20.2115512780286,-20.0135559828253,0.133635266266669,0.317649789081695,0,2.34623984803436,3.49340983011502,7.24801866381987,0.545171313030512,0.00118884184329366,0.287064733733331,1.25866122633214,0.766326990654143,0.0989925435662769,3.18825363362207e-05,1.63478057298266e-05,1.90290733355875e-05,1.22369632369877e-05,3433915.96406026,349464.87435685,1.71776594595553,1,0.628,-21.1298826485921,1.05336864854614e-14,8.55720827530604e-10
24,0.392975306256248,-20.1500548955111,-19.9508687591895,0.134663402343225,0.320093659004576,0,2.35636308341486,3.50797875846878,7.26234146527705,0.542243124903644,0.00120979359364393,0.286036597656775,1.25860533377566,0.766686318600165,0.0989115868724311,3.21220468124992e-05,1.62344102869466e-05,1.89077288116149e-05,1.21190699551367e-05,3434555.2774627,349202.455368153,1.72694694011747,1,0.629,-21.0849716614398,1.10560008820563e-14,4.36301661466132e-10
24.2,0.391938697059591,-20.0879508603064,-19.8864291101316,0.135677820629305,0.322504921866662,0,2.36373378896512,3.52235067005029,7.28060344594924,0.542031090353852,0.00123081485941577,0.285022179370696,1.25854734891956,0.767245710353146,0.0993304228993025,3.25186075223529e-05,1.61418712674876e-05,1.87889379449815e-05,1.19945381418122e-05,3435216.80457341,348934.99620027,1.73611087683552,1,0.628,-21.0397204580467,1.1405862758722e-14,-1.90283344636555e-11
24.4,0.389300028640903,-20.0244733264595,-19.8181570957651,0.136683730577961,0.324895960489566,0,2.36682393780891,3.53624136839764,7.30491051841566,0.545732442382869,0.00125206006882927,0.284016269422039,1.25848486164141,0.768267075644586,0.100884475289084,3.32820668351422e-05,1.60810718652766e-05,1.86742476262431e-05,1.1858381462674e-05,3435925.0214267,348652.462474986,1.74534946341406,1,0.625,-20.9935880236675,1.26635271144098e-14,-9.33233934574673e-10
24.6,0.386428047683066,-19.95920126345,-19.7475344827089,0.137688392672544,0.327284032974908,0,2.36568826956578,3.54942137238765,7.33540985195216,0.554099640812002,0.00127375850490312,0.283011607327456,1.25841998736082,0.769332480042634,0.102625359397355,3.4100237761327e-05,1.60518614032997e-05,1.85665346013312e-05,1.17111076443775e-05,3436660.64492288,348364.47966332,1.75480628643104,1,0.622,-20.9461376322838,1.26193882275284e-14,-8.00859822902567e-10
24.8,0.38287740705828,-19.8917982334283,-19.6736356025572,0.138697847160359,0.329683496934536,0,2.36092540207175,3.5617745671211,7.36995525344954,0.567241650663607,0.00129617043576393,0.282002152839641,1.25835167189582,0.770573861694064,0.104865324443811,3.5078699667184e-05,1.60503455842717e-05,1.84658899574158e-05,1.15566434308678e-05,3437433.91879291,348062.355167378,1.76483382007466,1,0.62,-20.8971498722965,1.25892677359241e-14,-9.06375419162941e-10
25,0.377776870024986,-19.8214730625437,-19.5942819590459,0.139717616126996,0.332107478314705,0,2.35113297442151,3.57297702945636,7.4101647014399,0.585836845961416,0.00131949257800591,0.280982383873004,1.25827738557187,0.772225613280203,0.108238473631174,3.64286355110862e-05,1.60868921534621e-05,1.8373383526561e-05,1.13915207631849e-05,3438271.24935065,347735.457654854,1.77563509590881,1,0.618,-20.8460744945177,1.29771817207122e-14,-1.49314871578099e-09
25.2,0.375052699784312,-19.7488860055898,-19.5162095078895,0.140753742378805,0.334570340810091,0,2.34026194661246,3.58311044643765,7.45150475654894,0.606709190045153,0.00134392336027815,0.279946257621195,1.25820574127533,0.773182169913964,0.109933665877792,3.72056992611848e-05,1.61342151508343e-05,1.82914303248717e-05,1.12268765984832e-05,3439087.08181606,347417.540145163,1.78735127184447,1,0.615,-20.7931279645042,1.4834579284374e-14,4.98527441550323e-09
25.4,0.373853544082495,-19.6751929029818,-19.4396611516595,0.141804603746783,0.337068228540013,0,2.33287660890977,3.59273639445528,7.48747621365741,0.623458574385128,0.00136938969757482,0.278895396253217,1.25813667164984,0.77372474620079,0.110520763530931,3.7617835627745e-05,1.61585691506536e-05,1.82142143856019e-05,1.1073529015578e-05,3439877.43410276,347099.600093019,1.79987326664556,1,0.613,-20.7393043651668,1.60273507519067e-14,9.13667719260047e-09
25.6,0.370533272747322,-19.5998017600731,-19.3581448335703,0.142864271274468,0.339587048429921,0,2.32538416205839,3.60183357612414,7.52233801257988,0.638129990864396,0.00139569255833276,0.277835728725532,1.25806182493802,0.774857770566947,0.112632221968214,3.8559655539787e-05,1.61841371941894e-05,1.8137902354382e-05,1.09212710969148e-05,3440726.54392285,346750.91534408,1.81301805777563,1,0.612,-20.6844413326095,1.7130523074279e-14,2.23816485345196e-08
25.8,0.36741509670066,-19.522328140374,-19.2746586046729,0.143932573890386,0.342126393844511,0,2.3159768945989,3.61015829397142,7.55934268224689,0.656324126724992,0.00142285925181598,0.276767426109614,1.25798523602375,0.775918953201564,0.114611733384949,3.94527365756498e-05,1.62242326884367e-05,1.80666468991662e-05,1.07666206983912e-05,3441597.30674322,346395.078772715,1.82681328824648,1,0.61,-20.6280449647517,1.68487490940453e-14,1.88607387485717e-08
26,0.364295371191187,-19.4428214373487,-19.1891215776602,0.145010448899767,0.344688492749624,0,2.30576231685581,3.61776892158435,7.59721557822566,0.675053090298718,0.00145094493725965,0.275689551100233,1.25790682768675,0.776969937190749,0.116601169400723,4.03499040882604e-05,1.62714958288319e-05,1.80000201298579e-05,1.06118013509454e-05,3442489.0458347,346028.931684375,1.84128580559311,1,0.609,-20.5701748151091,1.69966647635585e-14,1.95815204051542e-08
26.2,0.360966559296183,-19.3611812122237,-19.1010702796928,0.146098140709833,0.347273926098961,0,2.29470225593655,3.62467214416863,7.63601035439463,0.69411819286213,0.00147997656402134,0.274601859290167,1.25782602785231,0.778065352237466,0.118752812012004,4.13043066571456e-05,1.63263963530807e-05,1.79376699720191e-05,1.04565207646551e-05,3443407.7506964,345650.411323011,1.85643527880853,1,0.607,-20.5107797717003,1.73912601442346e-14,1.9341690915553e-08
26.4,0.358468984073223,-19.2777279558627,-19.0125613886818,0.147195780450103,0.349883005586172,0,2.2840737850577,3.63099859378192,7.67411684761063,0.712544028398758,0.00150997277329854,0.273504219549897,1.2577454177267,0.778935850180814,0.120298532657307,4.20508153567835e-05,1.63793648365753e-05,1.78795243169347e-05,1.03041800904451e-05,3444327.11719893,345269.373574766,1.87224943935614,1,0.606,-20.4500320317769,1.62444114149701e-14,9.59222745677835e-09
26.6,0.354540321097614,-19.1919951529897,-18.9193738808695,0.148301950080686,0.352512360543585,0,2.27229219006046,3.63670460605269,7.7134136964215,0.730630897096093,0.00154089710875887,0.272398049919314,1.25765964024096,0.780168444384632,0.122907701235753,4.31735229611471e-05,1.64421736259337e-05,1.78236263360937e-05,1.01500945189886e-05,3445300.98999743,344864.443137754,1.88867401162159,1,0.605,-20.387770177953,1.73577582971048e-14,1.75237673261108e-08
26.8,0.350185064833738,-19.1034451696916,-18.822456900892,0.149418147783146,0.355165552134884,0,2.25788505202217,3.64154109593941,7.75642199856933,0.751616186596917,0.00157284048401618,0.271281852216854,1.25757011934243,0.781482347918276,0.125858298284265,4.44083061503739e-05,1.65268841663387e-05,1.77729076809173e-05,9.99125848544254e-06,3446317.48264639,344445.915429924,1.90576889378723,1,0.604,-20.3234972932413,1.74529580241126e-14,1.60156545803147e-08
27,0.346627285066678,-19.0123501557612,-18.7243049740513,0.150546783077065,0.357848307765782,0,2.24288695625222,3.64560711044624,7.80058404201716,0.773834640997108,0.00160591999643257,0.270153216922935,1.2574800650533,0.782575585563902,0.128231758771661,4.54356510562294e-05,1.66187424614698e-05,1.77279047303138e-05,9.83268177078994e-06,3447343.08175587,344023.941249053,1.92359231003939,1,0.603,-20.2573315163051,1.74573558191747e-14,1.69906684277521e-08
27.2,0.343889713303597,-18.9192781231473,-18.6256634322888,0.151687329814945,0.360559376788554,0,2.22940430268017,3.64921254720579,7.84264188919153,0.795694481620946,0.00164012323566151,0.269012670185055,1.25739025976347,0.783462287883917,0.129992004214359,4.62543615948566e-05,1.67006774471342e-05,1.768605666065e-05,9.67914378346392e-06,3448368.06774053,343598.058431146,1.94208553072628,1,0.602,-20.1897284342133,1.7440039077601e-14,1.78023356056656e-08
27.4,0.342798473991557,-18.8251881906446,-18.5289796977247,0.152836386521153,0.363290673927153,0,2.21964147980397,3.65280541129878,7.87922513526512,0.812753502072806,0.00167531314102009,0.267863613478847,1.25730353766595,0.783957127666013,0.130501287485738,4.66485226437456e-05,1.6753391036248e-05,1.76445373020209e-05,9.53603769375232e-06,3449362.07405939,343177.602735858,1.9610954690248,1,0.601,-20.121367718675,1.7415935908054e-14,1.73315655160877e-08
27.6,0.339365428262258,-18.7293332268362,-18.4264406435127,0.153988234001946,0.366028604711067,0,2.20984644843484,3.65631337934309,7.91514185901658,0.826698303624153,0.00171127040196073,0.266711765998054,1.25720989954585,0.785026025843323,0.132770755814636,4.76896256348748e-05,1.68057554236173e-05,1.7599851526725e-05,9.39343426550922e-06,3450427.44780639,342726.377648467,1.98043287343193,1,0.6,-20.0520330928385,1.76763002835128e-14,-6.32368823971774e-10
27.8,0.336113909904149,-18.6312140443151,-18.3217080727318,0.155143010667685,0.368773498140444,0,2.19818341675989,3.65940650849002,7.95418021189829,0.843870734862806,0.00174804334717677,0.265556989332315,1.25711428855145,0.786028949059292,0.134922747627989,4.86819600172675e-05,1.6873601743561e-05,1.75575418311017e-05,9.24819252509768e-06,3451517.2184665,342271.585320134,2.00013756718988,1,0.599,-19.9811186912389,1.76118783456764e-14,-1.1709317959685e-09
28,0.333461542164566,-18.5311730081701,-18.216125144655,0.156301974445586,0.371528344296614,0,2.18679013881605,3.66225228508384,7.99348097841447,0.861091911435626,0.00178570554217174,0.264398025554414,1.25701839662707,0.786879566287264,0.136627770679679,4.95174955579058e-05,1.69402072603848e-05,1.75171441269351e-05,9.1047740335012e-06,3452612.0508346,341815.530732132,2.02023576466008,1,0.6,-19.9088581589731,1.7523353238293e-14,-4.57155380217955e-09
28.2,0.333611612430189,-18.4307112339237,-18.1152751081249,0.157463700426893,0.374289756184676,0,2.18002823634793,3.6654562320281,8.02649656455714,0.872248219540269,0.00182418698272809,0.263236299573107,1.25692898925245,0.787082667183925,0.13618510895226,4.96006860737814e-05,1.69681055056598e-05,1.74761549493357e-05,8.97348767475123e-06,3453640.06726978,341379.55805737,2.04063141960433,1,0.602,-19.8362085290258,1.8128480352075e-14,2.79255374380227e-09
28.4,0.333878321909576,-18.3305337878558,-18.0150927803279,0.158621111642684,0.377040911915104,0,2.17820196942495,3.66950532694841,8.05135542655293,0.873553665163001,0.00186317638534102,0.262078888357316,1.25684044276257,0.78728704362246,0.135625392639738,4.96845908000179e-05,1.69524305106098e-05,1.74277903962983e-05,8.85497174092881e-06,3454656.76065852,340938.871207066,2.06117024423084,1,0.605,-19.7639533785968,1.79013501613347e-14,2.86510015712338e-09
28.6,0.334620983089417,-18.2308452807501,-17.9162180934715,0.159767774511536,0.379766518924496,0,2.17959950330662,3.67444622746135,8.07115668588907,0.868887832279827,0.0019023702032018,0.260932225488464,1.25675345012063,0.787394914839619,0.134687892030081,4.96601615099842e-05,1.69068166188199e-05,1.7372284261028e-05,8.74509683872235e-06,3455656.40492129,340502.147120533,2.08162607380397,1,0.607,-19.6922044662986,1.80398807057922e-14,2.68470046194125e-09
28.8,0.334852705031417,-18.1314743988119,-17.8166880842584,0.16089932399855,0.382456201565368,0,2.18253788734872,3.68023950674635,8.08900400679596,0.861419452949749,0.00194155818327297,0.25980067600145,1.25666547720048,0.787633072083828,0.134129902182125,4.97979031066883e-05,1.68458012529397e-05,1.73096941409729e-05,8.63907396081124e-06,3456665.18758987,340062.776923555,2.10182004596139,1,0.609,-19.620906678104,1.79671781738635e-14,1.82541270987713e-09
29,0.335321263352191,-18.0323760429561,-17.7177483337093,0.162014179880646,0.385106203662101,0,2.18636662142175,3.6868071974865,8.10644901599829,0.853689735427291,0.00198067239624544,0.258685820119354,1.25657815818192,0.787815753136036,0.133391260724855,4.98809688374931e-05,1.67756465295519e-05,1.72421115830311e-05,8.53563843874366e-06,3457667.05146332,339629.750873429,2.12172408636473,1,0.611,-19.549949608231,1.80545716452294e-14,1.66404845458601e-09
29.2,0.335834689483481,-17.9336084298642,-17.6191790180606,0.163111727586944,0.387715064385415,0,2.19117612652992,3.69416302271053,8.12349077925684,0.845506961106547,0.0020196759998275,0.257588272413056,1.25649119226082,0.787989500209304,0.132617039080916,4.99634871165424e-05,1.66962313767005e-05,1.71697294352129e-05,8.43464569834266e-06,3458664.59655725,339201.336718731,2.14132119826133,1,0.613,-19.4793879220992,1.82671769149902e-14,1.77550418811734e-09
29.4,0.335998551374328,-17.834981960079,-17.520041198787,0.164191764717242,0.390282302631903,0,2.19619246090793,3.70221784640412,8.14125668672497,0.837800559064303,0.00205854979767923,0.256508235282758,1.25640341024593,0.788246418329816,0.132108285945238,5.0154596548483e-05,1.6614339414044e-05,1.7093100080106e-05,8.33429237833077e-06,3459670.18988919,338773.932071369,2.16061513726996,1,0.615,-19.4091101680522,1.80605788028913e-14,1.61946900334442e-09
29.6,0.337921309414706,-17.7372652957663,-17.4250252558554,0.165254808033164,0.392809146739158,0,2.203726329495,3.71117836966756,8.15660599308064,0.828730068206688,0.00209729506117464,0.255445191966836,1.25632068177107,0.788079462111101,0.13027005673977,4.98535054900779e-05,1.6511563091628e-05,1.70130360125312e-05,8.24011074649111e-06,3460623.09602488,338368.668718581,2.17961169343167,1,0.617,-19.3394978439257,1.74326665028281e-14,1.76484604708094e-09
29.8,0.33723253837573,-17.6395645403933,-17.3252047138157,0.166298881430457,0.395290899525689,0,2.210477707637,3.72084629304835,8.17366801683593,0.819233009562651,0.00213578820520075,0.254401118569543,1.25623163133177,0.788550933284911,0.130397842767614,5.03169035154844e-05,1.64145218181516e-05,1.69266034310064e-05,8.14333320093562e-06,3461639.30217343,337941.588637848,2.19820336864321,1,0.619,-19.2702731034892,1.39338444482637e-14,-1.54183510403527e-09
30,0.338422855299499,-17.5421412052187,-17.2289385157505,0.167326359483688,0.397733205333225,0,2.21730569058655,3.7310722876357,8.19206372348761,0.812944268656597,0.00217416144866753,0.253373640516312,1.25614708525097,0.78855124063579,0.129122756668129,5.02326475528241e-05,1.6317064209066e-05,1.68398725502333e-05,8.04823613222501e-06,3462610.85433455,337539.429776643,2.21657220406906,1,0.621,-19.2012196511554,1.43450721678921e-14,-1.2875034371973e-09
30.2,0.338714071986367,-17.4450194699517,-17.1313947860474,0.168337490483842,0.40013665434714,0,2.22485671694361,3.7419816267078,8.21021878265879,0.805463898524225,0.00221239300912902,0.252362509516158,1.2560607653842,0.788776603176581,0.128519668248627,5.04219726276085e-05,1.62141005957247e-05,1.67490741809248e-05,7.954434996584e-06,3463598.77727808,337131.283088968,2.23467800703515,1,0.622,-19.1326071895612,1.44742650211391e-14,-1.34109967575569e-09
30.4,0.339389376352859,-17.3481372512543,-17.0347062424281,0.169332847213133,0.402502608065446,0,2.23252859745818,3.75345365277986,8.22916644369249,0.799091319714809,0.00225050062040333,0.251367152786867,1.25597544391394,0.788902553077952,0.127633013355997,5.05011271281664e-05,1.61104813832609e-05,1.66563717230249e-05,7.86156782683265e-06,3464576.77856966,336731.572763307,2.25256411191258,1,0.624,-19.0642679707173,1.44276273870633e-14,-1.19151621902347e-09
30.6,0.340463203494453,-17.2517880200703,-16.9393103414824,0.170312888825672,0.404832157893207,0,2.24139977356488,3.76559194626951,8.24726289427277,0.792023066178039,0.00228848280149369,0.250387111174328,1.25589161155902,0.788930380830128,0.126447557644609,5.04695898254447e-05,1.5998034389575e-05,1.65610844843514e-05,7.7716362137937e-06,3465538.59612582,336339.542207675,2.27022810778322,1,0.625,-18.9964144354131,1.46054941415914e-14,-7.60572049784969e-10
30.8,0.341192586348102,-17.1558789757813,-16.843695155485,0.171277161127042,0.407124224214504,0,2.25083166295083,3.7783680844834,8.26526422859733,0.784395432083821,0.00232629150463123,0.249422838872958,1.25580730797187,0.789044689595228,0.125519484523336,5.05475052050417e-05,1.58817148588723e-05,1.64626578523481e-05,7.68303161517732e-06,3466504.28503445,335947.866984794,2.28763112019851,1,0.627,-18.9290413002308,1.46841191278873e-14,-8.15532530396013e-10
31,0.34193254137335,-17.0603110162645,-16.7483785106773,0.172225942602005,0.409379468985037,0,2.26035606644597,3.79169460170757,8.28396123804467,0.777498231853295,0.00236393134678176,0.248474057397995,1.25572323795697,0.789152833163495,0.124587238544192,5.06248759303018e-05,1.57653057415049e-05,1.63622258584984e-05,7.5951580212373e-06,3467467.33101454,335560.646873586,2.30480101091097,1,0.628,-18.8620356699279,1.49854663454661e-14,-1.0078053946927e-09
31.2,0.342312952851937,-16.9648950418323,-16.6524978395582,0.173159882104976,0.411599434525734,0,2.26954217533561,3.80548156563063,8.30393467746961,0.771631460806633,0.00240142808919976,0.247540117895024,1.25563834853315,0.789348290712638,0.12392629248873,5.08124798416494e-05,1.56521853959228e-05,1.62601688177398e-05,7.50709317501909e-06,3468438.46479351,335173.587724035,2.32177979954254,1,0.629,-18.7952853800418,1.50358478651687e-14,-1.24508403587242e-09
31.4,0.343060042667629,-16.8697212361661,-16.5575187808626,0.174080111397487,0.413786811023264,0,2.27890650666122,3.81970904055693,8.32451148277505,0.766727378069506,0.0024388329801617,0.246619888602513,1.25555453204119,0.789446710864666,0.122996889329971,5.08891789205647e-05,1.55387220638887e-05,1.61573932264083e-05,7.42020060526948e-06,3469398.59470859,334793.857824637,2.33862903770925,1,0.631,-18.7287861310029,1.48401595374305e-14,-1.13861631234613e-09
31.6,0.343637494569481,-16.774792973693,-16.4624727965565,0.174987106250233,0.415942729380159,0,2.28857070962613,3.83438463094041,8.34532473389812,0.761792213538275,0.00247615088714501,0.245712893749767,1.25547052686455,0.789587824256995,0.122194186988981,5.10210490922276e-05,1.54240199029076e-05,1.6053243540593e-05,7.33439102710286e-06,3470360.02047935,334415.179745919,2.35535199604842,1,0.632,-18.6625870154186,1.49863709766537e-14,-9.05089336811216e-10
31.8,0.34476517989384,-16.6803436488212,-16.3689518625243,0.17588126238501,0.41806813022346,0,2.29917256959758,3.84955593265647,8.36550584211817,0.756590747690625,0.00251338316931312,0.24481873761499,1.25538832674561,0.789586482016378,0.120985678930134,5.09859052549836e-05,1.530361886138e-05,1.59480866175561e-05,7.25116167174366e-06,3471302.5983786,334045.34614845,2.37195284996493,1,0.633,-18.5967899791813,1.50485025374007e-14,-7.70185692999803e-10
32,0.345551773918073,-16.5863315204481,-16.2752330255659,0.176762201872362,0.420162115218355,0,2.31036039606467,3.86523055477316,8.38536869013275,0.750562428010021,0.00255048315239886,0.243937798127638,1.25530569029292,0.789674221538667,0.120028633467299,5.10613688827255e-05,1.51800344288389e-05,1.58409755761105e-05,7.16937355172262e-06,3472248.55294244,333674.776485564,2.38838523552942,1,0.634,-18.5314429371323,1.52100588254964e-14,-8.53162873681867e-10
32.2,0.34652086098063,-16.4927513137794,-16.1822588394658,0.177630026664135,0.422224926703434,0,2.32189067635624,3.88136140028573,8.40539349136069,0.744829447856951,0.00258744504518337,0.243069973335865,1.25522383970675,0.789711488354071,0.118940409755236,5.108061680832e-05,1.50551745017578e-05,1.5732863517462e-05,7.08892439268584e-06,3473186.19942688,333309.716012752,2.40466088649419,1,0.635,-18.4664871207278,1.48419959048601e-14,-8.28578095024568e-10
32.3999999999999,0.346961604613445,-16.3993692813279,-16.0884395503015,0.178484949524329,0.424257070416755,0,2.33305958201964,3.89786274842229,8.42649737081675,0.739666982291928,0.00262427097111873,0.242215050475671,1.25514078579983,0.789884473895868,0.11824344043891,5.12668516112653e-05,1.49339588265224e-05,1.56237201143784e-05,7.00826557254338e-06,3474135.51979193,332942.105257251,2.42079464384828,1,0.636,-18.4018111821687,1.44828234420382e-14,-1.17763931939407e-09
32.6,0.347747715856842,-16.3062260104917,-15.9954952238258,0.179327945027344,0.426260862912632,0,2.34418753370133,3.91469171709441,8.4483768812574,0.735685093032506,0.00266101353439556,0.241372054972656,1.2550587641425,0.789961549335447,0.117298157727884,5.13412223240615e-05,1.48143914373655e-05,1.5514772730645e-05,6.92846962267713e-06,3475074.51205244,332581.46864531,2.43685330281259,1,0.637,-18.3373574064374,1.42328911243578e-14,-8.58619841892505e-10
32.7999999999999,0.34871529020376,-16.2135124223381,-15.9033706288735,0.180159506587031,0.428237477031212,0,2.35608364518325,3.93192472983977,8.46975066961999,0.731267381466694,0.00269767942946602,0.240540493412969,1.25497764969379,0.789990086355121,0.116220913856928,5.13592779809234e-05,1.46911087794282e-05,1.54052940942234e-05,6.85072740506507e-06,3476003.470248,332225.146316989,2.45283255542709,1,0.638,-18.2732798935056,1.38193662513764e-14,-8.60623572407349e-10
33,0.349338977060966,-16.1210868719522,-15.8108559127168,0.180979541054838,0.430186691359254,0,2.36804028947608,3.94950999860461,8.491481982971,0.72672592248585,0.00273424393740355,0.239720458945162,1.25489589699339,0.79010904074847,0.115396390158136,5.14890258194956e-05,1.45687138552193e-05,1.52950592070429e-05,6.77358562225377e-06,3476938.29322199,331867.630495824,2.46871254174256,1,0.639,-18.2095202811312,1.4104352180546e-14,-1.04540731626912e-09
33.1999999999999,0.350480187745332,-16.0291326565102,-15.7198242652806,0.181788492905738,0.432109562409645,0,2.38064602751109,3.96747165218025,8.51289739337008,0.722362527583041,0.00277072134015367,0.238911507094262,1.25481589033339,0.790086111029171,0.114198141480073,5.14500788103033e-05,1.44435874984558e-05,1.51848290534196e-05,6.69848406135241e-06,3477855.14281929,331518.676494282,2.48451487682812,1,0.64,-18.1461262895538,1.34656961145799e-14,-9.21019704946957e-10
33.3999999999999,0.350937722773647,-15.9374198763847,-15.6276922173031,0.182586209169383,0.434005726573291,0,2.39307033884923,3.98575394597606,8.5349398678698,0.717803305377002,0.00280708464184707,0.238113790830617,1.25473433611015,0.790247042077247,0.113497935757594,5.16355016615981e-05,1.43209677592334e-05,1.50737808527974e-05,6.62341558016625e-06,3478786.73684997,331164.463046909,2.50021415218264,1,0.641,-18.0830401222479,1.40519919918786e-14,-1.09463371700258e-09
33.5999999999999,0.351725879778881,-15.8459392966444,-15.5364018479307,0.183373404823599,0.43587688334585,0,2.4053200729108,4.00429005273793,8.55781900878591,0.714477804013004,0.00284337701972501,0.237326595176401,1.25465376942969,0.790312623973096,0.112563557374398,5.17083033132867e-05,1.42009688081243e-05,1.4963416687021e-05,6.54902449887253e-06,3479708.61309324,330816.842358029,2.51587315754261,1,0.642,-18.020151906979,1.35145800800318e-14,-8.37644620332867e-10
33.7999999999999,0.352171662507789,-15.754601173857,-15.4445901734597,0.184150580157265,0.437724221909354,0,2.41736933960783,4.02306218225001,8.58141104540961,0.711449814449617,0.00287961691623403,0.236549419842735,1.25457245641386,0.790469848280096,0.111879051896276,5.18937297008785e-05,1.40837001739285e-05,1.48531683981125e-05,6.47489590118308e-06,3480637.49498378,330467.312648683,2.53150666326098,1,0.642,-17.9574570413802,1.38990720517131e-14,-9.24330834095599e-10
33.9999999999999,0.353458321340284,-15.6637726375618,-15.3549918607272,0.184918368334499,0.439549247289038,0,2.4305011493245,4.04216291771411,8.60405905791036,0.708328814364409,0.00291582774465762,0.235781631665502,1.25449384030747,0.790393486577614,0.110590235608289,5.17967812812576e-05,1.39614846145249e-05,1.47435654623817e-05,6.40361521329991e-06,3481538.89774554,330129.438322104,2.54713223199158,1,0.643,-17.8951079224325,1.39972736634859e-14,-9.51715151131793e-10
34.1999999999999,0.353913429609019,-15.5732283011976,-15.2640430599098,0.185676218216297,0.441350649432606,0,2.44370381677274,4.06156419916643,8.62681028572563,0.70416393476609,0.00295194714893358,0.235023781783703,1.25441333965982,0.790548499161864,0.109899428929661,5.19819592796788e-05,1.38402069543932e-05,1.46330773888189e-05,6.33265863064529e-06,3482458.02462609,329783.723588471,2.56267824362945,1,0.643,-17.8330990682988,1.38641946230769e-14,-9.40474365052069e-10
34.3999999999999,0.3550255951851,-15.4830967704473,-15.1747973629686,0.186424548466291,0.443129423499622,0,2.4572561439141,4.08123994826173,8.64961267439704,0.700796159797871,0.00298799935276905,0.234275451533709,1.25433488502951,0.790515337562522,0.108742011721892,5.19405599933168e-05,1.37184624387017e-05,1.45234156318134e-05,6.2633261878181e-06,3483356.7878013,329448.36469191,2.57818931953291,1,0.644,-17.7713730337817,1.38619720086233e-14,-6.29327701062721e-10
34.5999999999999,0.355810039374198,-15.3933855849403,-15.0853585478,0.187163285928908,0.44488539559997,0,2.47127956566602,4.10123219027345,8.67208997831408,0.696619810161831,0.00302395812825587,0.233536714071092,1.2542560121159,0.790574130350542,0.10781983037113,5.20120200337028e-05,1.35955441992222e-05,1.4413378652433e-05,6.19518124581513e-06,3484258.55948519,329111.075576335,2.59362634578741,1,0.644,-17.7100291967992,1.4308764947641e-14,-6.42941699879884e-10
34.7999999999999,0.356587110179656,-15.3039949132111,-14.9961968476429,0.18789251820283,0.446618773954909,0,2.48520586814615,4.12147073694975,8.69510612724555,0.692924424819569,0.00305982217108677,0.23280748179717,1.25417735465104,0.79063106135303,0.106907099930086,5.20831882634469e-05,1.3474762589273e-05,1.43037311015037e-05,6.12759604932692e-06,3485157.9358493,328776.236565546,2.60900298347613,1,0.644,-17.6489579867738,1.47598472615036e-14,-6.51880327495746e-10
34.9999999999999,0.356862095313022,-15.2146462522418,-14.9060265824033,0.188612637206512,0.448330490150967,0,2.49824642340684,4.14184865735565,8.71969679650601,0.690207170859303,0.00309561622028775,0.232087362793488,1.2540973381456,0.790826413616497,0.106356504407837,5.23248082410863e-05,1.33605093692418e-05,1.41946816876869e-05,6.05922444852186e-06,3486070.77953224,328437.669316818,2.62435670622943,1,0.644,-17.5879985360918,1.4523552174274e-14,-4.20783408117131e-11
35.1999999999999,0.357610989006082,-15.1254713840968,-14.8169944220665,0.189324679988588,0.450023009243136,0,2.51123982309121,4.16236942777575,8.74487617440502,0.688696658398516,0.00313140999298923,0.231375320011412,1.25401873158824,0.790881287092678,0.105474059599645,5.23958898315105e-05,1.3248237613355e-05,1.40871408842389e-05,5.99183961056118e-06,3486969.72816204,328106.580228022,2.63976141232995,1,0.644,-17.5271464753786,1.42770452578322e-14,4.32137881034578e-10
35.3999999999999,0.358359375941854,-15.0366130512414,-14.7283398291657,0.190028961553703,0.451697079994541,0,2.52485399930845,4.18311195830155,8.76951792105899,0.686516312919858,0.00316720107399824,0.230671038446297,1.25394050096627,0.79093622952876,0.104592428637186,5.24668584711586e-05,1.31341931712711e-05,1.39800621106382e-05,5.92603030033284e-06,3487864.08564496,327776.553811494,2.65519112153424,1,0.643,-17.466552824243,1.40931374643244e-14,1.48834544688725e-09
35.5999999999999,0.359591402226533,-14.9483454094624,-14.641322446913,0.190725382522604,0.453352466181612,0,2.53974632957732,4.20416624716507,8.79274182980402,0.683354338348302,0.00320295694939571,0.229974617477396,1.25386418253523,0.79085064390814,0.103369770146349,5.23662542073321e-05,1.30148977312109e-05,1.38733224754887e-05,5.86290086479164e-06,3488738.56520355,327453.904148055,2.67060172367907,1,0.643,-17.4063677723212,1.39058076577096e-14,2.23189999815077e-09
35.7999999999999,0.360346890535849,-14.8605340719151,-14.5537963442014,0.191413245647737,0.454987510453381,0,2.55501009088156,4.22551211133718,8.81561158724901,0.679047538892984,0.00323860545090186,0.229286754352263,1.25378701020223,0.790903805470219,0.102483877718237,5.2436477928169e-05,1.28950964597258e-05,1.37661424121201e-05,5.80063068486316e-06,3489620.39152505,327127.325991159,2.68591927935669,1,0.643,-17.3465860220093,1.38455395694466e-14,2.58371812833502e-09
35.9999999999999,0.361251959377374,-14.7731261645106,-14.4669555812326,0.192092563731832,0.456602243241817,0,2.57026068839964,4.24708903169752,8.83887507195513,0.675315719854717,0.00327414688849149,0.228607436268168,1.25371055235422,0.790908291419659,0.101497852443868,5.24491133159537e-05,1.27769758294175e-05,1.3659596399603e-05,5.7391012235059e-06,3490494.90537986,326805.200073275,2.70116634673787,1,0.642,-17.287098920354,1.39014640727561e-14,2.46573961248941e-09
36.1999999999999,0.361673731476605,-14.6858931758671,-14.3792685090061,0.192763535773605,0.458197137565024,0,2.58486021675597,4.26882024354255,8.86332088075381,0.672134061972242,0.00330959331056373,0.227936464226395,1.25363289913192,0.791051823254222,0.100854711010284,5.26333908108592e-05,1.26637742237489e-05,1.35535762693236e-05,5.67713544461986e-06,3491380.8355112,326479.28791756,2.71636268716199,1,0.642,-17.2277984002393,1.39075830387671e-14,2.53854182119539e-09
36.3999999999999,0.361603261479434,-14.5984133855894,-14.2902186743644,0.193426940699234,0.459774044923303,0,2.59759479002474,4.29051446104464,8.89063179074451,0.671196080657756,0.0033450161749889,0.227273059300766,1.25355352662616,0.791333880996041,0.100563393946577,5.2990204108255e-05,1.25614856120135e-05,1.34491347460051e-05,5.61326440195229e-06,3492284.47953557,326149.220801594,2.73160627887894,1,0.641,-17.1683702499091,1.3940136208996e-14,2.76676814792154e-09
36.5999999999999,0.363713283723307,-14.5118295629279,-14.2068148617124,0.194084313176445,0.461336613207618,0,2.61336689440044,4.31254407766666,8.91459550531899,0.66995101274872,0.00338050605842473,0.226615686823555,1.25348121518642,0.790962760628999,0.0987526282481868,5.25425859251476e-05,1.24462784491349e-05,1.33466837622599e-05,5.555196014768e-06,3493117.67309463,325847.584738102,2.74694363041242,1,0.641,-17.1093777353563,1.39055704884844e-14,2.98251734420774e-09
